/* SQL  -  FULL UPDATE FOR Throne of Tides - Sceicco Remake */

INSERT INTO `world`.`spell_script_names` VALUES 
(76066,"spell_commander_ulthok_fissure"),
91371, "spell_commander_ulthok_fissure"),
(82964, "spell_lady_nazjar_play_movie");

/*
Creature_Template
Mancano le entry dell'ultimo evento e a medusotto manca lo script. Devo sistemare
*/
DELETE from creature_template where entry IN (39616,39960,40577,40634,40825,40923,40925,40935,40936,40943,41139,49079,50270,50272,990000);
INSERT INTO `creature_template` (`entry`,`difficulty_entry_1`,`difficulty_entry_2`,`difficulty_entry_3`,`KillCredit1`,`KillCredit2`,`modelid1`,`modelid2`,`modelid3`,`modelid4`,`name`,`subname`,`IconName`,`gossip_menu_id`,`minlevel`,`maxlevel`,`exp`,`faction_A`,`faction_H`,`npcflag`,`speed_walk`,`speed_run`,`scale`,`rank`,`mindmg`,`maxdmg`,`dmgschool`,`attackpower`,`dmg_multiplier`,`baseattacktime`,`rangeattacktime`,`unit_class`,`unit_flags`,`dynamicflags`,`family`,`trainer_type`,`trainer_spell`,`trainer_class`,`trainer_race`,`minrangedmg`,`maxrangedmg`,`rangedattackpower`,`type`,`type_flags`,`lootid`,`pickpocketloot`,`skinloot`,`resistance1`,`resistance2`,`resistance3`,`resistance4`,`resistance5`,`resistance6`,`spell1`,`spell2`,`spell3`,`spell4`,`spell5`,`spell6`,`spell7`,`spell8`,`PetSpellDataId`,`VehicleId`,`mingold`,`maxgold`,`AIName`,`MovementType`,`InhabitType`,`Health_mod`,`Mana_mod`,`Armor_mod`,`RacialLeader`,`questItem1`,`questItem2`,`questItem3`,`questItem4`,`questItem5`,`questItem6`,`movementId`,`RegenHealth`,`equipment_id`,`mechanic_immune_mask`,`flags_extra`,`ScriptName`,`WDBVerified`) VALUES (39616,57501,0,0,0,0,37370,0,0,0,'Naz''jar Invader','','',0,80,80,3,21,21,0,1,1.14286,1,1,8500,10500,0,20590,1,2200,0,1,0,0,0,0,0,0,0,0,0,0,7,0,39616,0,0,0,0,0,0,0,0,0,0,0,0,0,0,0,0,0,0,1233,3366,'',0,3,5,1,0,0,0,0,0,0,0,0,0,1,0,0,0,'mob_envahisseur_nazjar',1);
INSERT INTO `creature_template` (`entry`,`difficulty_entry_1`,`difficulty_entry_2`,`difficulty_entry_3`,`KillCredit1`,`KillCredit2`,`modelid1`,`modelid2`,`modelid3`,`modelid4`,`name`,`subname`,`IconName`,`gossip_menu_id`,`minlevel`,`maxlevel`,`exp`,`faction_A`,`faction_H`,`npcflag`,`speed_walk`,`speed_run`,`scale`,`rank`,`mindmg`,`maxdmg`,`dmgschool`,`attackpower`,`dmg_multiplier`,`baseattacktime`,`rangeattacktime`,`unit_class`,`unit_flags`,`dynamicflags`,`family`,`trainer_type`,`trainer_spell`,`trainer_class`,`trainer_race`,`minrangedmg`,`maxrangedmg`,`rangedattackpower`,`type`,`type_flags`,`lootid`,`pickpocketloot`,`skinloot`,`resistance1`,`resistance2`,`resistance3`,`resistance4`,`resistance5`,`resistance6`,`spell1`,`spell2`,`spell3`,`spell4`,`spell5`,`spell6`,`spell7`,`spell8`,`PetSpellDataId`,`VehicleId`,`mingold`,`maxgold`,`AIName`,`MovementType`,`InhabitType`,`Health_mod`,`Mana_mod`,`Armor_mod`,`RacialLeader`,`questItem1`,`questItem2`,`questItem3`,`questItem4`,`questItem5`,`questItem6`,`movementId`,`RegenHealth`,`equipment_id`,`mechanic_immune_mask`,`flags_extra`,`ScriptName`,`WDBVerified`) VALUES (39960,57509,0,0,0,0,32311,32312,31539,32313,'Deep Murloc Drudge','','',0,80,80,3,21,21,0,1,1.14286,1,1,8500,10500,0,20590,1,1800,0,1,0,0,0,0,0,0,0,0,0,0,7,0,0,0,0,0,0,0,0,0,0,0,0,0,0,0,0,0,0,0,0,1233,3366,'',0,3,0.33,1,0,0,0,0,0,0,0,0,151,1,0,0,0,'',1);
INSERT INTO `creature_template` (`entry`,`difficulty_entry_1`,`difficulty_entry_2`,`difficulty_entry_3`,`KillCredit1`,`KillCredit2`,`modelid1`,`modelid2`,`modelid3`,`modelid4`,`name`,`subname`,`IconName`,`gossip_menu_id`,`minlevel`,`maxlevel`,`exp`,`faction_A`,`faction_H`,`npcflag`,`speed_walk`,`speed_run`,`scale`,`rank`,`mindmg`,`maxdmg`,`dmgschool`,`attackpower`,`dmg_multiplier`,`baseattacktime`,`rangeattacktime`,`unit_class`,`unit_flags`,`dynamicflags`,`family`,`trainer_type`,`trainer_spell`,`trainer_class`,`trainer_race`,`minrangedmg`,`maxrangedmg`,`rangedattackpower`,`type`,`type_flags`,`lootid`,`pickpocketloot`,`skinloot`,`resistance1`,`resistance2`,`resistance3`,`resistance4`,`resistance5`,`resistance6`,`spell1`,`spell2`,`spell3`,`spell4`,`spell5`,`spell6`,`spell7`,`spell8`,`PetSpellDataId`,`VehicleId`,`mingold`,`maxgold`,`AIName`,`MovementType`,`InhabitType`,`Health_mod`,`Mana_mod`,`Armor_mod`,`RacialLeader`,`questItem1`,`questItem2`,`questItem3`,`questItem4`,`questItem5`,`questItem6`,`movementId`,`RegenHealth`,`equipment_id`,`mechanic_immune_mask`,`flags_extra`,`ScriptName`,`WDBVerified`) VALUES (40577,57503,0,0,0,0,32568,0,0,0,'Naz''jar Sentinel','','',0,80,80,3,21,21,0,1,1.14286,1,1,8500,10500,0,20000,1.5,2200,0,1,0,0,0,0,0,0,0,0,0,0,7,0,40577,0,0,0,0,0,0,0,0,0,0,0,0,0,0,0,0,0,0,1233,3366,'',0,3,17.5,1,0,0,0,0,0,0,0,0,0,1,0,0,0,'mob_sentinelle_nazjar',1);
INSERT INTO `creature_template` (`entry`,`difficulty_entry_1`,`difficulty_entry_2`,`difficulty_entry_3`,`KillCredit1`,`KillCredit2`,`modelid1`,`modelid2`,`modelid3`,`modelid4`,`name`,`subname`,`IconName`,`gossip_menu_id`,`minlevel`,`maxlevel`,`exp`,`faction_A`,`faction_H`,`npcflag`,`speed_walk`,`speed_run`,`scale`,`rank`,`mindmg`,`maxdmg`,`dmgschool`,`attackpower`,`dmg_multiplier`,`baseattacktime`,`rangeattacktime`,`unit_class`,`unit_flags`,`dynamicflags`,`family`,`trainer_type`,`trainer_spell`,`trainer_class`,`trainer_race`,`minrangedmg`,`maxrangedmg`,`rangedattackpower`,`type`,`type_flags`,`lootid`,`pickpocketloot`,`skinloot`,`resistance1`,`resistance2`,`resistance3`,`resistance4`,`resistance5`,`resistance6`,`spell1`,`spell2`,`spell3`,`spell4`,`spell5`,`spell6`,`spell7`,`spell8`,`PetSpellDataId`,`VehicleId`,`mingold`,`maxgold`,`AIName`,`MovementType`,`InhabitType`,`Health_mod`,`Mana_mod`,`Armor_mod`,`RacialLeader`,`questItem1`,`questItem2`,`questItem3`,`questItem4`,`questItem5`,`questItem6`,`movementId`,`RegenHealth`,`equipment_id`,`mechanic_immune_mask`,`flags_extra`,`ScriptName`,`WDBVerified`) VALUES (40634,57508,0,0,0,0,37388,0,0,0,'Naz''jar Tempest Witch','','',0,80,80,3,21,21,0,1,1.14286,1,1,8500,10500,0,20590,1,2000,0,8,0,0,0,0,0,0,0,0,0,0,7,0,40634,0,0,0,0,0,0,0,0,0,0,0,0,0,0,0,0,0,0,1233,3366,'',0,3,6.2,0.92,5000,0,0,0,0,0,0,0,0,1,0,0,0,'mob_sorciere_des_tempetes_nazjar',1);
INSERT INTO `creature_template` (`entry`,`difficulty_entry_1`,`difficulty_entry_2`,`difficulty_entry_3`,`KillCredit1`,`KillCredit2`,`modelid1`,`modelid2`,`modelid3`,`modelid4`,`name`,`subname`,`IconName`,`gossip_menu_id`,`minlevel`,`maxlevel`,`exp`,`faction_A`,`faction_H`,`npcflag`,`speed_walk`,`speed_run`,`scale`,`rank`,`mindmg`,`maxdmg`,`dmgschool`,`attackpower`,`dmg_multiplier`,`baseattacktime`,`rangeattacktime`,`unit_class`,`unit_flags`,`dynamicflags`,`family`,`trainer_type`,`trainer_spell`,`trainer_class`,`trainer_race`,`minrangedmg`,`maxrangedmg`,`rangedattackpower`,`type`,`type_flags`,`lootid`,`pickpocketloot`,`skinloot`,`resistance1`,`resistance2`,`resistance3`,`resistance4`,`resistance5`,`resistance6`,`spell1`,`spell2`,`spell3`,`spell4`,`spell5`,`spell6`,`spell7`,`spell8`,`PetSpellDataId`,`VehicleId`,`mingold`,`maxgold`,`AIName`,`MovementType`,`InhabitType`,`Health_mod`,`Mana_mod`,`Armor_mod`,`RacialLeader`,`questItem1`,`questItem2`,`questItem3`,`questItem4`,`questItem5`,`questItem6`,`movementId`,`RegenHealth`,`equipment_id`,`mechanic_immune_mask`,`flags_extra`,`ScriptName`,`WDBVerified`) VALUES (40825,0,0,0,0,0,30408,0,0,0,'Erunak Stonespeaker','','',0,85,85,3,16,16,3,1,1.14286,1,1,3690,6590,0,28590,4,2200,0,1,0,0,0,0,0,0,0,0,0,0,7,8,0,0,0,0,0,0,0,0,0,0,0,0,0,0,0,0,0,0,0,6655,15663,'',0,3,15,5,0,0,0,0,0,0,0,0,144,1,55000,652951551,1,'boss_erunak_stonespeaker',1);
INSERT INTO `creature_template` (`entry`,`difficulty_entry_1`,`difficulty_entry_2`,`difficulty_entry_3`,`KillCredit1`,`KillCredit2`,`modelid1`,`modelid2`,`modelid3`,`modelid4`,`name`,`subname`,`IconName`,`gossip_menu_id`,`minlevel`,`maxlevel`,`exp`,`faction_A`,`faction_H`,`npcflag`,`speed_walk`,`speed_run`,`scale`,`rank`,`mindmg`,`maxdmg`,`dmgschool`,`attackpower`,`dmg_multiplier`,`baseattacktime`,`rangeattacktime`,`unit_class`,`unit_flags`,`dynamicflags`,`family`,`trainer_type`,`trainer_spell`,`trainer_class`,`trainer_race`,`minrangedmg`,`maxrangedmg`,`rangedattackpower`,`type`,`type_flags`,`lootid`,`pickpocketloot`,`skinloot`,`resistance1`,`resistance2`,`resistance3`,`resistance4`,`resistance5`,`resistance6`,`spell1`,`spell2`,`spell3`,`spell4`,`spell5`,`spell6`,`spell7`,`spell8`,`PetSpellDataId`,`VehicleId`,`mingold`,`maxgold`,`AIName`,`MovementType`,`InhabitType`,`Health_mod`,`Mana_mod`,`Armor_mod`,`RacialLeader`,`questItem1`,`questItem2`,`questItem3`,`questItem4`,`questItem5`,`questItem6`,`movementId`,`RegenHealth`,`equipment_id`,`mechanic_immune_mask`,`flags_extra`,`ScriptName`,`WDBVerified`) VALUES (40923,57506,0,0,0,0,33845,0,0,0,'Unstable Corruption','','',0,80,80,3,21,21,0,1,1.14286,2,0,8500,10500,0,20590,1,2200,0,1,0,0,0,0,0,0,0,0,0,0,4,0,0,0,0,0,0,0,0,0,0,0,0,0,0,0,0,0,0,0,0,1233,3366,'',0,3,0.12,1,5000,0,0,0,0,0,0,0,0,1,0,617299807,0,'mob_corruption_instable',1);
INSERT INTO `creature_template` (`entry`,`difficulty_entry_1`,`difficulty_entry_2`,`difficulty_entry_3`,`KillCredit1`,`KillCredit2`,`modelid1`,`modelid2`,`modelid3`,`modelid4`,`name`,`subname`,`IconName`,`gossip_menu_id`,`minlevel`,`maxlevel`,`exp`,`faction_A`,`faction_H`,`npcflag`,`speed_walk`,`speed_run`,`scale`,`rank`,`mindmg`,`maxdmg`,`dmgschool`,`attackpower`,`dmg_multiplier`,`baseattacktime`,`rangeattacktime`,`unit_class`,`unit_flags`,`dynamicflags`,`family`,`trainer_type`,`trainer_spell`,`trainer_class`,`trainer_race`,`minrangedmg`,`maxrangedmg`,`rangedattackpower`,`type`,`type_flags`,`lootid`,`pickpocketloot`,`skinloot`,`resistance1`,`resistance2`,`resistance3`,`resistance4`,`resistance5`,`resistance6`,`spell1`,`spell2`,`spell3`,`spell4`,`spell5`,`spell6`,`spell7`,`spell8`,`PetSpellDataId`,`VehicleId`,`mingold`,`maxgold`,`AIName`,`MovementType`,`InhabitType`,`Health_mod`,`Mana_mod`,`Armor_mod`,`RacialLeader`,`questItem1`,`questItem2`,`questItem3`,`questItem4`,`questItem5`,`questItem6`,`movementId`,`RegenHealth`,`equipment_id`,`mechanic_immune_mask`,`flags_extra`,`ScriptName`,`WDBVerified`) VALUES (40925,57507,0,0,0,0,33846,0,0,0,'Tainted Sentry','','',0,80,80,3,21,21,0,1,1.14286,1,1,8500,10500,0,20590,1,2200,0,1,0,0,0,0,0,0,0,0,0,0,4,0,40925,0,0,0,0,0,0,0,0,0,0,0,0,0,0,0,0,0,0,1233,3366,'',0,3,10,1,0,0,52506,0,0,0,0,0,0,1,0,617299807,0,'mob_factionnaire_corrompu',1);
INSERT INTO `creature_template` (`entry`,`difficulty_entry_1`,`difficulty_entry_2`,`difficulty_entry_3`,`KillCredit1`,`KillCredit2`,`modelid1`,`modelid2`,`modelid3`,`modelid4`,`name`,`subname`,`IconName`,`gossip_menu_id`,`minlevel`,`maxlevel`,`exp`,`faction_A`,`faction_H`,`npcflag`,`speed_walk`,`speed_run`,`scale`,`rank`,`mindmg`,`maxdmg`,`dmgschool`,`attackpower`,`dmg_multiplier`,`baseattacktime`,`rangeattacktime`,`unit_class`,`unit_flags`,`dynamicflags`,`family`,`trainer_type`,`trainer_spell`,`trainer_class`,`trainer_race`,`minrangedmg`,`maxrangedmg`,`rangedattackpower`,`type`,`type_flags`,`lootid`,`pickpocketloot`,`skinloot`,`resistance1`,`resistance2`,`resistance3`,`resistance4`,`resistance5`,`resistance6`,`spell1`,`spell2`,`spell3`,`spell4`,`spell5`,`spell6`,`spell7`,`spell8`,`PetSpellDataId`,`VehicleId`,`mingold`,`maxgold`,`AIName`,`MovementType`,`InhabitType`,`Health_mod`,`Mana_mod`,`Armor_mod`,`RacialLeader`,`questItem1`,`questItem2`,`questItem3`,`questItem4`,`questItem5`,`questItem6`,`movementId`,`RegenHealth`,`equipment_id`,`mechanic_immune_mask`,`flags_extra`,`ScriptName`,`WDBVerified`) VALUES (40935,57502,0,0,0,0,31982,0,0,0,'Gilgoblin Hunter','Minion of Ghur''sha','',0,80,80,3,26,26,0,1,1.14286,1,1,8500,10500,0,20000,1,2000,0,1,0,0,0,0,0,0,0,0,0,0,7,8,40935,0,0,0,0,0,0,0,0,0,0,0,0,0,0,0,0,0,0,12170,0,'',0,3,1.25,1,1,0,0,0,0,0,0,0,0,1,0,0,0,'mob_chasseur_gloubelin',1);
INSERT INTO `creature_template` (`entry`,`difficulty_entry_1`,`difficulty_entry_2`,`difficulty_entry_3`,`KillCredit1`,`KillCredit2`,`modelid1`,`modelid2`,`modelid3`,`modelid4`,`name`,`subname`,`IconName`,`gossip_menu_id`,`minlevel`,`maxlevel`,`exp`,`faction_A`,`faction_H`,`npcflag`,`speed_walk`,`speed_run`,`scale`,`rank`,`mindmg`,`maxdmg`,`dmgschool`,`attackpower`,`dmg_multiplier`,`baseattacktime`,`rangeattacktime`,`unit_class`,`unit_flags`,`dynamicflags`,`family`,`trainer_type`,`trainer_spell`,`trainer_class`,`trainer_race`,`minrangedmg`,`maxrangedmg`,`rangedattackpower`,`type`,`type_flags`,`lootid`,`pickpocketloot`,`skinloot`,`resistance1`,`resistance2`,`resistance3`,`resistance4`,`resistance5`,`resistance6`,`spell1`,`spell2`,`spell3`,`spell4`,`spell5`,`spell6`,`spell7`,`spell8`,`PetSpellDataId`,`VehicleId`,`mingold`,`maxgold`,`AIName`,`MovementType`,`InhabitType`,`Health_mod`,`Mana_mod`,`Armor_mod`,`RacialLeader`,`questItem1`,`questItem2`,`questItem3`,`questItem4`,`questItem5`,`questItem6`,`movementId`,`RegenHealth`,`equipment_id`,`mechanic_immune_mask`,`flags_extra`,`ScriptName`,`WDBVerified`) VALUES (40936,57505,0,0,0,0,31674,0,0,0,'Faceless Watcher','','',0,80,80,3,21,21,0,1,1.14286,1,1,8500,10500,0,20000,1.5,2200,0,1,0,0,0,0,0,0,0,0,0,0,10,8,40936,0,0,0,0,0,0,0,0,0,0,0,0,0,0,0,0,0,0,1233,3366,'',0,3,18.5,1,0,0,0,0,0,0,0,0,0,1,0,617299807,0,'mob_gardien_sans_visage',1);
INSERT INTO `creature_template` (`entry`,`difficulty_entry_1`,`difficulty_entry_2`,`difficulty_entry_3`,`KillCredit1`,`KillCredit2`,`modelid1`,`modelid2`,`modelid3`,`modelid4`,`name`,`subname`,`IconName`,`gossip_menu_id`,`minlevel`,`maxlevel`,`exp`,`faction_A`,`faction_H`,`npcflag`,`speed_walk`,`speed_run`,`scale`,`rank`,`mindmg`,`maxdmg`,`dmgschool`,`attackpower`,`dmg_multiplier`,`baseattacktime`,`rangeattacktime`,`unit_class`,`unit_flags`,`dynamicflags`,`family`,`trainer_type`,`trainer_spell`,`trainer_class`,`trainer_race`,`minrangedmg`,`maxrangedmg`,`rangedattackpower`,`type`,`type_flags`,`lootid`,`pickpocketloot`,`skinloot`,`resistance1`,`resistance2`,`resistance3`,`resistance4`,`resistance5`,`resistance6`,`spell1`,`spell2`,`spell3`,`spell4`,`spell5`,`spell6`,`spell7`,`spell8`,`PetSpellDataId`,`VehicleId`,`mingold`,`maxgold`,`AIName`,`MovementType`,`InhabitType`,`Health_mod`,`Mana_mod`,`Armor_mod`,`RacialLeader`,`questItem1`,`questItem2`,`questItem3`,`questItem4`,`questItem5`,`questItem6`,`movementId`,`RegenHealth`,`equipment_id`,`mechanic_immune_mask`,`flags_extra`,`ScriptName`,`WDBVerified`) VALUES (40943,57504,0,0,0,0,32121,0,0,0,'Gilgoblin Aquamage','Minion of Ghur''sha','',0,80,80,3,21,21,0,1,1.14286,1,1,8500,10500,0,20000,1,2000,0,8,0,0,0,0,0,0,0,0,0,0,7,8,40943,0,0,0,0,0,0,0,0,0,0,0,0,0,0,0,0,0,0,1233,3366,'',0,3,1.56,0.92,5000,0,0,0,0,0,0,0,0,1,0,617299807,0,'mob_aquamage_gloubelin',1);
INSERT INTO `creature_template` (`entry`,`difficulty_entry_1`,`difficulty_entry_2`,`difficulty_entry_3`,`KillCredit1`,`KillCredit2`,`modelid1`,`modelid2`,`modelid3`,`modelid4`,`name`,`subname`,`IconName`,`gossip_menu_id`,`minlevel`,`maxlevel`,`exp`,`faction_A`,`faction_H`,`npcflag`,`speed_walk`,`speed_run`,`scale`,`rank`,`mindmg`,`maxdmg`,`dmgschool`,`attackpower`,`dmg_multiplier`,`baseattacktime`,`rangeattacktime`,`unit_class`,`unit_flags`,`dynamicflags`,`family`,`trainer_type`,`trainer_spell`,`trainer_class`,`trainer_race`,`minrangedmg`,`maxrangedmg`,`rangedattackpower`,`type`,`type_flags`,`lootid`,`pickpocketloot`,`skinloot`,`resistance1`,`resistance2`,`resistance3`,`resistance4`,`resistance5`,`resistance6`,`spell1`,`spell2`,`spell3`,`spell4`,`spell5`,`spell6`,`spell7`,`spell8`,`PetSpellDataId`,`VehicleId`,`mingold`,`maxgold`,`AIName`,`MovementType`,`InhabitType`,`Health_mod`,`Mana_mod`,`Armor_mod`,`RacialLeader`,`questItem1`,`questItem2`,`questItem3`,`questItem4`,`questItem5`,`questItem6`,`movementId`,`RegenHealth`,`equipment_id`,`mechanic_immune_mask`,`flags_extra`,`ScriptName`,`WDBVerified`) VALUES (41139,57500,0,0,0,0,37387,0,0,0,'Naz''jar Spiritmender','','',0,80,80,3,21,21,0,1,1.14286,1,1,8500,10500,0,20000,1,2000,0,8,0,0,0,0,0,0,0,0,0,0,7,0,41139,0,0,0,0,0,0,0,0,0,0,0,0,0,0,0,0,0,0,1233,3366,'',0,3,6.23,0.92,5000,0,0,0,0,0,0,0,0,1,0,0,0,'mob_soignesprit_nazjar',1);
INSERT INTO `creature_template` (`entry`,`difficulty_entry_1`,`difficulty_entry_2`,`difficulty_entry_3`,`KillCredit1`,`KillCredit2`,`modelid1`,`modelid2`,`modelid3`,`modelid4`,`name`,`subname`,`IconName`,`gossip_menu_id`,`minlevel`,`maxlevel`,`exp`,`faction_A`,`faction_H`,`npcflag`,`speed_walk`,`speed_run`,`scale`,`rank`,`mindmg`,`maxdmg`,`dmgschool`,`attackpower`,`dmg_multiplier`,`baseattacktime`,`rangeattacktime`,`unit_class`,`unit_flags`,`dynamicflags`,`family`,`trainer_type`,`trainer_spell`,`trainer_class`,`trainer_race`,`minrangedmg`,`maxrangedmg`,`rangedattackpower`,`type`,`type_flags`,`lootid`,`pickpocketloot`,`skinloot`,`resistance1`,`resistance2`,`resistance3`,`resistance4`,`resistance5`,`resistance6`,`spell1`,`spell2`,`spell3`,`spell4`,`spell5`,`spell6`,`spell7`,`spell8`,`PetSpellDataId`,`VehicleId`,`mingold`,`maxgold`,`AIName`,`MovementType`,`InhabitType`,`Health_mod`,`Mana_mod`,`Armor_mod`,`RacialLeader`,`questItem1`,`questItem2`,`questItem3`,`questItem4`,`questItem5`,`questItem6`,`movementId`,`RegenHealth`,`equipment_id`,`mechanic_immune_mask`,`flags_extra`,`ScriptName`,`WDBVerified`) VALUES (49079,0,0,0,0,0,34342,0,0,0,'Lady Naz''jar','','',0,87,87,0,26,26,0,1,1.14286,1,1,10000,12000,0,22590,4,2200,0,1,0,0,0,0,0,0,0,0,0,0,7,0,49079,0,0,0,0,0,0,0,0,0,0,0,0,0,0,0,0,0,0,6699,26699,'',0,3,3.73473e+06,1,0,0,0,0,0,0,0,0,0,1,0,652951551,1,'boss_lady_nazjar',1);
INSERT INTO `creature_template` (`entry`,`difficulty_entry_1`,`difficulty_entry_2`,`difficulty_entry_3`,`KillCredit1`,`KillCredit2`,`modelid1`,`modelid2`,`modelid3`,`modelid4`,`name`,`subname`,`IconName`,`gossip_menu_id`,`minlevel`,`maxlevel`,`exp`,`faction_A`,`faction_H`,`npcflag`,`speed_walk`,`speed_run`,`scale`,`rank`,`mindmg`,`maxdmg`,`dmgschool`,`attackpower`,`dmg_multiplier`,`baseattacktime`,`rangeattacktime`,`unit_class`,`unit_flags`,`dynamicflags`,`family`,`trainer_type`,`trainer_spell`,`trainer_class`,`trainer_race`,`minrangedmg`,`maxrangedmg`,`rangedattackpower`,`type`,`type_flags`,`lootid`,`pickpocketloot`,`skinloot`,`resistance1`,`resistance2`,`resistance3`,`resistance4`,`resistance5`,`resistance6`,`spell1`,`spell2`,`spell3`,`spell4`,`spell5`,`spell6`,`spell7`,`spell8`,`PetSpellDataId`,`VehicleId`,`mingold`,`maxgold`,`AIName`,`MovementType`,`InhabitType`,`Health_mod`,`Mana_mod`,`Armor_mod`,`RacialLeader`,`questItem1`,`questItem2`,`questItem3`,`questItem4`,`questItem5`,`questItem6`,`movementId`,`RegenHealth`,`equipment_id`,`mechanic_immune_mask`,`flags_extra`,`ScriptName`,`WDBVerified`) VALUES (50270,0,0,0,0,0,36746,0,0,0,'Captain Taylor','','',0,81,81,3,12,12,3,1,1.14286,1,1,1450,2150,0,12350,2,2000,0,1,0,0,0,0,0,0,0,0,0,0,7,0,0,0,0,0,0,0,0,0,0,0,0,0,0,0,0,0,0,0,0,0,0,'',0,3,50,1,1,0,0,0,0,0,0,0,144,1,0,0,0,'',1);
INSERT INTO `creature_template` (`entry`,`difficulty_entry_1`,`difficulty_entry_2`,`difficulty_entry_3`,`KillCredit1`,`KillCredit2`,`modelid1`,`modelid2`,`modelid3`,`modelid4`,`name`,`subname`,`IconName`,`gossip_menu_id`,`minlevel`,`maxlevel`,`exp`,`faction_A`,`faction_H`,`npcflag`,`speed_walk`,`speed_run`,`scale`,`rank`,`mindmg`,`maxdmg`,`dmgschool`,`attackpower`,`dmg_multiplier`,`baseattacktime`,`rangeattacktime`,`unit_class`,`unit_flags`,`dynamicflags`,`family`,`trainer_type`,`trainer_spell`,`trainer_class`,`trainer_race`,`minrangedmg`,`maxrangedmg`,`rangedattackpower`,`type`,`type_flags`,`lootid`,`pickpocketloot`,`skinloot`,`resistance1`,`resistance2`,`resistance3`,`resistance4`,`resistance5`,`resistance6`,`spell1`,`spell2`,`spell3`,`spell4`,`spell5`,`spell6`,`spell7`,`spell8`,`PetSpellDataId`,`VehicleId`,`mingold`,`maxgold`,`AIName`,`MovementType`,`InhabitType`,`Health_mod`,`Mana_mod`,`Armor_mod`,`RacialLeader`,`questItem1`,`questItem2`,`questItem3`,`questItem4`,`questItem5`,`questItem6`,`movementId`,`RegenHealth`,`equipment_id`,`mechanic_immune_mask`,`flags_extra`,`ScriptName`,`WDBVerified`) VALUES (50272,0,0,0,0,0,36747,0,0,0,'Legionnaire Nazgrim','','',0,81,81,3,29,29,3,1,1.14286,1,1,1450,2150,0,11250,2,2000,0,1,0,0,0,0,0,0,0,0,0,0,7,0,0,0,0,0,0,0,0,0,0,0,0,0,0,0,0,0,0,0,0,0,0,'',0,3,50,1,1,0,0,0,0,0,0,0,144,1,0,0,0,'',1);
INSERT INTO `creature_template` (`entry`,`difficulty_entry_1`,`difficulty_entry_2`,`difficulty_entry_3`,`KillCredit1`,`KillCredit2`,`modelid1`,`modelid2`,`modelid3`,`modelid4`,`name`,`subname`,`IconName`,`gossip_menu_id`,`minlevel`,`maxlevel`,`exp`,`faction_A`,`faction_H`,`npcflag`,`speed_walk`,`speed_run`,`scale`,`rank`,`mindmg`,`maxdmg`,`dmgschool`,`attackpower`,`dmg_multiplier`,`baseattacktime`,`rangeattacktime`,`unit_class`,`unit_flags`,`dynamicflags`,`family`,`trainer_type`,`trainer_spell`,`trainer_class`,`trainer_race`,`minrangedmg`,`maxrangedmg`,`rangedattackpower`,`type`,`type_flags`,`lootid`,`pickpocketloot`,`skinloot`,`resistance1`,`resistance2`,`resistance3`,`resistance4`,`resistance5`,`resistance6`,`spell1`,`spell2`,`spell3`,`spell4`,`spell5`,`spell6`,`spell7`,`spell8`,`PetSpellDataId`,`VehicleId`,`mingold`,`maxgold`,`AIName`,`MovementType`,`InhabitType`,`Health_mod`,`Mana_mod`,`Armor_mod`,`RacialLeader`,`questItem1`,`questItem2`,`questItem3`,`questItem4`,`questItem5`,`questItem6`,`movementId`,`RegenHealth`,`equipment_id`,`mechanic_immune_mask`,`flags_extra`,`ScriptName`,`WDBVerified`) VALUES (990000,0,0,0,0,0,1126,11686,0,0,'Tides Event','','',0,1,1,0,14,14,0,1,1.14286,1,0,3.8,3.8,0,46,1,0,0,1,33554432,8,0,0,0,0,0,1.9,1.9,0,10,1032,0,0,0,0,0,0,0,0,0,0,0,0,0,0,0,0,0,0,0,0,0,'',0,3,1,1,1,0,0,0,0,0,0,0,0,1,0,0,130,'mob_lady_nazjar_event',13623);

/* Gameobject_template COMPLETATO */
DELETE from gameobject_template where entry IN (204338,205542,204339,207406,207406,205542,208301,402012,203199,207209,204340,204341,180322,180322);
INSERT INTO `gameobject_template` (`entry`,`type`,`displayId`,`name`,`IconName`,`castBarCaption`,`unk1`,`faction`,`flags`,`size`,`questItem1`,`questItem2`,`questItem3`,`questItem4`,`questItem5`,`questItem6`,`data0`,`data1`,`data2`,`data3`,`data4`,`data5`,`data6`,`data7`,`data8`,`data9`,`data10`,`data11`,`data12`,`data13`,`data14`,`data15`,`data16`,`data17`,`data18`,`data19`,`data20`,`data21`,`data22`,`data23`,`data24`,`data25`,`data26`,`data27`,`data28`,`data29`,`data30`,`data31`,`AIName`,`ScriptName`,`WDBVerified`) VALUES (180322,5,6391,'Ghost Gate','','','',0,0,2,0,0,0,0,0,0,0,0,0,0,0,0,0,0,0,0,0,0,0,0,0,0,0,0,0,0,0,0,0,0,NULL,NULL,NULL,NULL,NULL,NULL,NULL,NULL,'','',13623);
INSERT INTO `gameobject_template` (`entry`,`type`,`displayId`,`name`,`IconName`,`castBarCaption`,`unk1`,`faction`,`flags`,`size`,`questItem1`,`questItem2`,`questItem3`,`questItem4`,`questItem5`,`questItem6`,`data0`,`data1`,`data2`,`data3`,`data4`,`data5`,`data6`,`data7`,`data8`,`data9`,`data10`,`data11`,`data12`,`data13`,`data14`,`data15`,`data16`,`data17`,`data18`,`data19`,`data20`,`data21`,`data22`,`data23`,`data24`,`data25`,`data26`,`data27`,`data28`,`data29`,`data30`,`data31`,`AIName`,`ScriptName`,`WDBVerified`) VALUES (203199,1,7147,'Throne of Tides Defense System','','','',0,0,0.5,0,0,0,0,0,0,1,81,0,0,0,0,0,0,0,0,0,0,0,0,0,0,0,0,0,0,0,0,0,0,NULL,NULL,NULL,NULL,NULL,NULL,NULL,NULL,'','go_totd_defense_system',13623);
INSERT INTO `gameobject_template` (`entry`,`type`,`displayId`,`name`,`IconName`,`castBarCaption`,`unk1`,`faction`,`flags`,`size`,`questItem1`,`questItem2`,`questItem3`,`questItem4`,`questItem5`,`questItem6`,`data0`,`data1`,`data2`,`data3`,`data4`,`data5`,`data6`,`data7`,`data8`,`data9`,`data10`,`data11`,`data12`,`data13`,`data14`,`data15`,`data16`,`data17`,`data18`,`data19`,`data20`,`data21`,`data22`,`data23`,`data24`,`data25`,`data26`,`data27`,`data28`,`data29`,`data30`,`data31`,`AIName`,`ScriptName`,`WDBVerified`) VALUES (204338,0,9720,'Doodad_Abyssal_Maw_Door_01','','','',0,0,1,0,0,0,0,0,0,0,0,0,0,0,0,0,0,0,0,0,0,0,0,0,0,0,0,0,0,0,0,0,0,NULL,NULL,NULL,NULL,NULL,NULL,NULL,NULL,'','',13623);
INSERT INTO `gameobject_template` (`entry`,`type`,`displayId`,`name`,`IconName`,`castBarCaption`,`unk1`,`faction`,`flags`,`size`,`questItem1`,`questItem2`,`questItem3`,`questItem4`,`questItem5`,`questItem6`,`data0`,`data1`,`data2`,`data3`,`data4`,`data5`,`data6`,`data7`,`data8`,`data9`,`data10`,`data11`,`data12`,`data13`,`data14`,`data15`,`data16`,`data17`,`data18`,`data19`,`data20`,`data21`,`data22`,`data23`,`data24`,`data25`,`data26`,`data27`,`data28`,`data29`,`data30`,`data31`,`AIName`,`ScriptName`,`WDBVerified`) VALUES (204339,0,9720,'Doodad_Abyssal_Maw_Door_02','','','',0,0,1,0,0,0,0,0,0,0,0,0,0,0,0,0,0,0,0,0,0,0,0,0,0,0,0,0,0,0,0,0,0,NULL,NULL,NULL,NULL,NULL,NULL,NULL,NULL,'','',13623);
INSERT INTO `gameobject_template` (`entry`,`type`,`displayId`,`name`,`IconName`,`castBarCaption`,`unk1`,`faction`,`flags`,`size`,`questItem1`,`questItem2`,`questItem3`,`questItem4`,`questItem5`,`questItem6`,`data0`,`data1`,`data2`,`data3`,`data4`,`data5`,`data6`,`data7`,`data8`,`data9`,`data10`,`data11`,`data12`,`data13`,`data14`,`data15`,`data16`,`data17`,`data18`,`data19`,`data20`,`data21`,`data22`,`data23`,`data24`,`data25`,`data26`,`data27`,`data28`,`data29`,`data30`,`data31`,`AIName`,`ScriptName`,`WDBVerified`) VALUES (204340,0,9720,'Doodad_Abyssal_Maw_Door_03','','','',0,0,1,0,0,0,0,0,0,0,0,0,0,0,0,0,0,0,0,0,0,0,0,0,0,0,0,0,0,0,0,0,0,NULL,NULL,NULL,NULL,NULL,NULL,NULL,NULL,'','',13623);
INSERT INTO `gameobject_template` (`entry`,`type`,`displayId`,`name`,`IconName`,`castBarCaption`,`unk1`,`faction`,`flags`,`size`,`questItem1`,`questItem2`,`questItem3`,`questItem4`,`questItem5`,`questItem6`,`data0`,`data1`,`data2`,`data3`,`data4`,`data5`,`data6`,`data7`,`data8`,`data9`,`data10`,`data11`,`data12`,`data13`,`data14`,`data15`,`data16`,`data17`,`data18`,`data19`,`data20`,`data21`,`data22`,`data23`,`data24`,`data25`,`data26`,`data27`,`data28`,`data29`,`data30`,`data31`,`AIName`,`ScriptName`,`WDBVerified`) VALUES (204341,0,9720,'Doodad_Abyssal_Maw_Door_04','','','',0,0,1,0,0,0,0,0,0,0,0,0,0,0,0,0,0,0,0,0,0,0,0,0,0,0,0,0,0,0,0,0,0,NULL,NULL,NULL,NULL,NULL,NULL,NULL,NULL,'','',13623);
INSERT INTO `gameobject_template` (`entry`,`type`,`displayId`,`name`,`IconName`,`castBarCaption`,`unk1`,`faction`,`flags`,`size`,`questItem1`,`questItem2`,`questItem3`,`questItem4`,`questItem5`,`questItem6`,`data0`,`data1`,`data2`,`data3`,`data4`,`data5`,`data6`,`data7`,`data8`,`data9`,`data10`,`data11`,`data12`,`data13`,`data14`,`data15`,`data16`,`data17`,`data18`,`data19`,`data20`,`data21`,`data22`,`data23`,`data24`,`data25`,`data26`,`data27`,`data28`,`data29`,`data30`,`data31`,`AIName`,`ScriptName`,`WDBVerified`) VALUES (205542,5,9922,'Doodad_Abyssal_Coral_Chunk_Ceiling01_Break01','','','',0,0,3.82,0,0,0,0,0,0,0,0,0,0,0,0,0,0,0,0,0,0,0,0,0,0,0,0,0,0,0,0,0,0,NULL,NULL,NULL,NULL,NULL,NULL,NULL,NULL,'','',13623);
INSERT INTO `gameobject_template` (`entry`,`type`,`displayId`,`name`,`IconName`,`castBarCaption`,`unk1`,`faction`,`flags`,`size`,`questItem1`,`questItem2`,`questItem3`,`questItem4`,`questItem5`,`questItem6`,`data0`,`data1`,`data2`,`data3`,`data4`,`data5`,`data6`,`data7`,`data8`,`data9`,`data10`,`data11`,`data12`,`data13`,`data14`,`data15`,`data16`,`data17`,`data18`,`data19`,`data20`,`data21`,`data22`,`data23`,`data24`,`data25`,`data26`,`data27`,`data28`,`data29`,`data30`,`data31`,`AIName`,`ScriptName`,`WDBVerified`) VALUES (207209,11,9811,'Doodad_Abyssal_Jellyfish_Elevator01','','','',0,8,2,0,0,0,0,0,0,0,0,0,0,0,0,0,0,0,0,0,0,0,0,0,0,0,0,0,0,0,0,0,0,NULL,NULL,NULL,NULL,NULL,NULL,NULL,NULL,'','',13623);
INSERT INTO `gameobject_template` (`entry`,`type`,`displayId`,`name`,`IconName`,`castBarCaption`,`unk1`,`faction`,`flags`,`size`,`questItem1`,`questItem2`,`questItem3`,`questItem4`,`questItem5`,`questItem6`,`data0`,`data1`,`data2`,`data3`,`data4`,`data5`,`data6`,`data7`,`data8`,`data9`,`data10`,`data11`,`data12`,`data13`,`data14`,`data15`,`data16`,`data17`,`data18`,`data19`,`data20`,`data21`,`data22`,`data23`,`data24`,`data25`,`data26`,`data27`,`data28`,`data29`,`data30`,`data31`,`AIName`,`ScriptName`,`WDBVerified`) VALUES (207406,2,10344,'Strange Fountain','','','',0,0,0.4,0,0,0,0,0,0,1479,16163,0,0,0,0,0,0,0,0,0,0,0,0,0,0,0,0,0,0,0,0,0,0,0,0,0,0,0,0,0,0,'','',13623);
INSERT INTO `gameobject_template` (`entry`,`type`,`displayId`,`name`,`IconName`,`castBarCaption`,`unk1`,`faction`,`flags`,`size`,`questItem1`,`questItem2`,`questItem3`,`questItem4`,`questItem5`,`questItem6`,`data0`,`data1`,`data2`,`data3`,`data4`,`data5`,`data6`,`data7`,`data8`,`data9`,`data10`,`data11`,`data12`,`data13`,`data14`,`data15`,`data16`,`data17`,`data18`,`data19`,`data20`,`data21`,`data22`,`data23`,`data24`,`data25`,`data26`,`data27`,`data28`,`data29`,`data30`,`data31`,`AIName`,`ScriptName`,`WDBVerified`) VALUES (208301,0,9812,'Doodad_Abyssal_Leviathan_Tentacle_fromBelow01','','','',0,4,1,0,0,0,0,0,0,0,0,0,0,0,0,0,0,0,0,0,0,0,0,0,0,0,0,0,0,0,0,0,0,NULL,NULL,NULL,NULL,NULL,NULL,NULL,NULL,'','',13623);
INSERT INTO `gameobject_template` (`entry`,`type`,`displayId`,`name`,`IconName`,`castBarCaption`,`unk1`,`faction`,`flags`,`size`,`questItem1`,`questItem2`,`questItem3`,`questItem4`,`questItem5`,`questItem6`,`data0`,`data1`,`data2`,`data3`,`data4`,`data5`,`data6`,`data7`,`data8`,`data9`,`data10`,`data11`,`data12`,`data13`,`data14`,`data15`,`data16`,`data17`,`data18`,`data19`,`data20`,`data21`,`data22`,`data23`,`data24`,`data25`,`data26`,`data27`,`data28`,`data29`,`data30`,`data31`,`AIName`,`ScriptName`,`WDBVerified`) VALUES (402012,3,9810,'abyssal_leviathan_tentacle','','','',0,4,1,0,0,0,0,0,0,0,-1,0,0,0,0,-1,0,0,0,0,0,0,0,0,0,0,0,0,0,0,0,0,0,NULL,NULL,NULL,NULL,NULL,NULL,NULL,NULL,'','',13623);


/* gameobject - completato - questione tentacoloni da rivedere */
DELETE FROM gameobject where id in(204338,205542,204339,207406,207406,205542,208301,402012,203199,207209,204340,204341,180322,180322);
INSERT INTO `gameobject` (`guid`,`id`,`map`,`spawnMask`,`phaseMask`,`position_x`,`position_y`,`position_z`,`orientation`,`rotation0`,`rotation1`,`rotation2`,`rotation3`,`spawntimesecs`,`animprogress`,`state`) VALUES (351251,204338,643,3,1,-7.7865,802.298,808.279,3.12857,0,0,0.999979,0.00650981,300,0,1);
INSERT INTO `gameobject` (`guid`,`id`,`map`,`spawnMask`,`phaseMask`,`position_x`,`position_y`,`position_z`,`orientation`,`rotation0`,`rotation1`,`rotation2`,`rotation3`,`spawntimesecs`,`animprogress`,`state`) VALUES (801661,205542,643,2,1,38.3405,802.524,805.731,6.27885,0,0,0.00216618,-0.999998,300,0,1);
INSERT INTO `gameobject` (`guid`,`id`,`map`,`spawnMask`,`phaseMask`,`position_x`,`position_y`,`position_z`,`orientation`,`rotation0`,`rotation1`,`rotation2`,`rotation3`,`spawntimesecs`,`animprogress`,`state`) VALUES (351249,204339,643,3,1,109.716,802.38,808.401,6.26623,0,0,0.00847655,-0.999964,300,0,1);
INSERT INTO `gameobject` (`guid`,`id`,`map`,`spawnMask`,`phaseMask`,`position_x`,`position_y`,`position_z`,`orientation`,`rotation0`,`rotation1`,`rotation2`,`rotation3`,`spawntimesecs`,`animprogress`,`state`) VALUES (312794,207406,643,1,1,-327.893,796.452,259.99,1.07566,0,0,0.512276,0.858821,300,0,1);
INSERT INTO `gameobject` (`guid`,`id`,`map`,`spawnMask`,`phaseMask`,`position_x`,`position_y`,`position_z`,`orientation`,`rotation0`,`rotation1`,`rotation2`,`rotation3`,`spawntimesecs`,`animprogress`,`state`) VALUES (312825,207406,643,2,1,-327.259,796.391,260.022,0.965076,0,0,0.464029,0.88582,300,0,1);
INSERT INTO `gameobject` (`guid`,`id`,`map`,`spawnMask`,`phaseMask`,`position_x`,`position_y`,`position_z`,`orientation`,`rotation0`,`rotation1`,`rotation2`,`rotation3`,`spawntimesecs`,`animprogress`,`state`) VALUES (356724,205542,643,1,1,39.9361,802.526,805.731,0.00950765,0,0,0.00475381,0.999989,300,0,1);
INSERT INTO `gameobject` (`guid`,`id`,`map`,`spawnMask`,`phaseMask`,`position_x`,`position_y`,`position_z`,`orientation`,`rotation0`,`rotation1`,`rotation2`,`rotation3`,`spawntimesecs`,`animprogress`,`state`) VALUES (351299,208301,643,3,1,-310.253,916.37,245.586,4.68424,0,0,0.716987,-0.697087,300,0,1);
INSERT INTO `gameobject` (`guid`,`id`,`map`,`spawnMask`,`phaseMask`,`position_x`,`position_y`,`position_z`,`orientation`,`rotation0`,`rotation1`,`rotation2`,`rotation3`,`spawntimesecs`,`animprogress`,`state`) VALUES (351293,402012,643,3,1,-311.711,705.567,282.196,1.54578,0,0,0.698208,0.715895,300,0,1);
INSERT INTO `gameobject` (`guid`,`id`,`map`,`spawnMask`,`phaseMask`,`position_x`,`position_y`,`position_z`,`orientation`,`rotation0`,`rotation1`,`rotation2`,`rotation3`,`spawntimesecs`,`animprogress`,`state`) VALUES (351203,203199,643,3,1,121.969,785.638,808.27,2.16405,0,0,0.882909,0.469543,300,0,1);
INSERT INTO `gameobject` (`guid`,`id`,`map`,`spawnMask`,`phaseMask`,`position_x`,`position_y`,`position_z`,`orientation`,`rotation0`,`rotation1`,`rotation2`,`rotation3`,`spawntimesecs`,`animprogress`,`state`) VALUES (351244,207209,643,3,1,-218.998,803.135,254.877,0.00418377,0,0,0.00209189,0.999998,300,0,1);
INSERT INTO `gameobject` (`guid`,`id`,`map`,`spawnMask`,`phaseMask`,`position_x`,`position_y`,`position_z`,`orientation`,`rotation0`,`rotation1`,`rotation2`,`rotation3`,`spawntimesecs`,`animprogress`,`state`) VALUES (351253,204340,643,3,1,-210.113,637.636,286.335,6.25987,0,0,0.0116597,-0.999932,300,0,1);
INSERT INTO `gameobject` (`guid`,`id`,`map`,`spawnMask`,`phaseMask`,`position_x`,`position_y`,`position_z`,`orientation`,`rotation0`,`rotation1`,`rotation2`,`rotation3`,`spawntimesecs`,`animprogress`,`state`) VALUES (351255,204341,643,3,1,-209.946,981.946,230.387,0.0363699,0,0,0.0181839,0.999835,300,0,1);
/*
Questi sono i due tentacoloni, tengo le entry perche vorrei poterli inseguire tramite script (una volta uccisa la lady si dovrebbero levare)
INSERT INTO `gameobject` (`guid`,`id`,`map`,`spawnMask`,`phaseMask`,`position_x`,`position_y`,`position_z`,`orientation`,`rotation0`,`rotation1`,`rotation2`,`rotation3`,`spawntimesecs`,`animprogress`,`state`) VALUES (351309,180322,643,3,1,-310.622,782.411,256.6,1.56807,0,0,0.706143,0.708069,300,0,1);
INSERT INTO `gameobject` (`guid`,`id`,`map`,`spawnMask`,`phaseMask`,`position_x`,`position_y`,`position_z`,`orientation`,`rotation0`,`rotation1`,`rotation2`,`rotation3`,`spawntimesecs`,`animprogress`,`state`) VALUES (351305,180322,643,3,1,-309.762,832.517,257.213,4.54864,0,0,0.762566,-0.64691,300,0,1);
*/


/*
Creature - Mancano i mob dell'ultimo evento (mancano anche da creature template - li devo sistemare)
*/
DELETE FROM creature where map = 643;
INSERT INTO `creature` (`guid`,`id`,`map`,`spawnMask`,`phaseMask`,`modelid`,`equipment_id`,`position_x`,`position_y`,`position_z`,`orientation`,`spawntimesecs`,`spawndist`,`currentwaypoint`,`curhealth`,`curmana`,`DeathState`,`MovementType`,`npcflag`,`unit_flags`,`dynamicflags`) VALUES (6553116,50270,643,3,1,0,0,-593.885,845.078,246.187,4.93645,300,0,0,1859350,0,0,0,0,0,0);
INSERT INTO `creature` (`guid`,`id`,`map`,`spawnMask`,`phaseMask`,`modelid`,`equipment_id`,`position_x`,`position_y`,`position_z`,`orientation`,`spawntimesecs`,`spawndist`,`currentwaypoint`,`curhealth`,`curmana`,`DeathState`,`MovementType`,`npcflag`,`unit_flags`,`dynamicflags`) VALUES (6908614,41139,643,3,1,0,0,-67.2807,804.646,796.765,3.10653,93480,0,0,387450,0,0,0,0,0,0);
INSERT INTO `creature` (`guid`,`id`,`map`,`spawnMask`,`phaseMask`,`modelid`,`equipment_id`,`position_x`,`position_y`,`position_z`,`orientation`,`spawntimesecs`,`spawndist`,`currentwaypoint`,`curhealth`,`curmana`,`DeathState`,`MovementType`,`npcflag`,`unit_flags`,`dynamicflags`) VALUES (6908610,41139,643,3,1,0,0,-102.113,799.213,796.866,3.07983,93480,0,0,387450,0,0,0,0,0,0);
INSERT INTO `creature` (`guid`,`id`,`map`,`spawnMask`,`phaseMask`,`modelid`,`equipment_id`,`position_x`,`position_y`,`position_z`,`orientation`,`spawntimesecs`,`spawndist`,`currentwaypoint`,`curhealth`,`curmana`,`DeathState`,`MovementType`,`npcflag`,`unit_flags`,`dynamicflags`) VALUES (6908618,39960,643,3,1,0,0,-29.1293,804.531,803.342,3.12617,93480,0,0,387450,0,0,0,0,0,0);
INSERT INTO `creature` (`guid`,`id`,`map`,`spawnMask`,`phaseMask`,`modelid`,`equipment_id`,`position_x`,`position_y`,`position_z`,`orientation`,`spawntimesecs`,`spawndist`,`currentwaypoint`,`curhealth`,`curmana`,`DeathState`,`MovementType`,`npcflag`,`unit_flags`,`dynamicflags`) VALUES (6908596,41139,643,3,1,0,0,-407.194,807.036,248.286,3.25919,93480,0,0,387450,0,0,0,0,0,0);
INSERT INTO `creature` (`guid`,`id`,`map`,`spawnMask`,`phaseMask`,`modelid`,`equipment_id`,`position_x`,`position_y`,`position_z`,`orientation`,`spawntimesecs`,`spawndist`,`currentwaypoint`,`curhealth`,`curmana`,`DeathState`,`MovementType`,`npcflag`,`unit_flags`,`dynamicflags`) VALUES (6908654,40634,643,3,1,0,0,84.1909,805.608,806.317,3.11361,93480,0,0,387450,0,0,0,0,0,0);
INSERT INTO `creature` (`guid`,`id`,`map`,`spawnMask`,`phaseMask`,`modelid`,`equipment_id`,`position_x`,`position_y`,`position_z`,`orientation`,`spawntimesecs`,`spawndist`,`currentwaypoint`,`curhealth`,`curmana`,`DeathState`,`MovementType`,`npcflag`,`unit_flags`,`dynamicflags`) VALUES (6908810,40936,643,3,1,0,0,-224.93,642.477,287.292,3.04946,93480,0,0,387450,0,0,0,0,0,0);
INSERT INTO `creature` (`guid`,`id`,`map`,`spawnMask`,`phaseMask`,`modelid`,`equipment_id`,`position_x`,`position_y`,`position_z`,`orientation`,`spawntimesecs`,`spawndist`,`currentwaypoint`,`curhealth`,`curmana`,`DeathState`,`MovementType`,`npcflag`,`unit_flags`,`dynamicflags`) VALUES (6939690,40936,643,3,1,0,0,-299.779,689.641,279.368,3.30065,93480,0,0,1433565,0,0,0,0,0,0);
INSERT INTO `creature` (`guid`,`id`,`map`,`spawnMask`,`phaseMask`,`modelid`,`equipment_id`,`position_x`,`position_y`,`position_z`,`orientation`,`spawntimesecs`,`spawndist`,`currentwaypoint`,`curhealth`,`curmana`,`DeathState`,`MovementType`,`npcflag`,`unit_flags`,`dynamicflags`) VALUES (6908808,40936,643,3,1,0,0,-226.139,633.45,287.243,3.04946,93480,0,0,387450,0,0,0,0,0,0);
INSERT INTO `creature` (`guid`,`id`,`map`,`spawnMask`,`phaseMask`,`modelid`,`equipment_id`,`position_x`,`position_y`,`position_z`,`orientation`,`spawntimesecs`,`spawndist`,`currentwaypoint`,`curhealth`,`curmana`,`DeathState`,`MovementType`,`npcflag`,`unit_flags`,`dynamicflags`) VALUES (6908644,39616,643,3,1,0,0,83.3269,791.825,806.317,3.11754,93480,0,0,387450,0,0,0,0,0,0);
INSERT INTO `creature` (`guid`,`id`,`map`,`spawnMask`,`phaseMask`,`modelid`,`equipment_id`,`position_x`,`position_y`,`position_z`,`orientation`,`spawntimesecs`,`spawndist`,`currentwaypoint`,`curhealth`,`curmana`,`DeathState`,`MovementType`,`npcflag`,`unit_flags`,`dynamicflags`) VALUES (6553128,50272,643,3,1,0,0,-582.427,772.639,246.117,1.67703,300,0,0,1859350,0,0,0,0,0,0);
INSERT INTO `creature` (`guid`,`id`,`map`,`spawnMask`,`phaseMask`,`modelid`,`equipment_id`,`position_x`,`position_y`,`position_z`,`orientation`,`spawntimesecs`,`spawndist`,`currentwaypoint`,`curhealth`,`curmana`,`DeathState`,`MovementType`,`npcflag`,`unit_flags`,`dynamicflags`) VALUES (6908652,41139,643,3,1,0,0,84.0669,801.179,806.317,3.19215,93480,0,0,387450,0,0,0,0,0,0);
INSERT INTO `creature` (`guid`,`id`,`map`,`spawnMask`,`phaseMask`,`modelid`,`equipment_id`,`position_x`,`position_y`,`position_z`,`orientation`,`spawntimesecs`,`spawndist`,`currentwaypoint`,`curhealth`,`curmana`,`DeathState`,`MovementType`,`npcflag`,`unit_flags`,`dynamicflags`) VALUES (6908632,39960,643,3,1,0,0,-33.1261,799.8,801.352,3.0979,93480,0,0,387450,0,0,0,0,0,0);
INSERT INTO `creature` (`guid`,`id`,`map`,`spawnMask`,`phaseMask`,`modelid`,`equipment_id`,`position_x`,`position_y`,`position_z`,`orientation`,`spawntimesecs`,`spawndist`,`currentwaypoint`,`curhealth`,`curmana`,`DeathState`,`MovementType`,`npcflag`,`unit_flags`,`dynamicflags`) VALUES (6908606,39616,643,3,1,0,0,-139.582,799.21,796.783,3.17721,93480,0,0,387450,0,0,0,0,0,0);
INSERT INTO `creature` (`guid`,`id`,`map`,`spawnMask`,`phaseMask`,`modelid`,`equipment_id`,`position_x`,`position_y`,`position_z`,`orientation`,`spawntimesecs`,`spawndist`,`currentwaypoint`,`curhealth`,`curmana`,`DeathState`,`MovementType`,`npcflag`,`unit_flags`,`dynamicflags`) VALUES (6908608,39616,643,3,1,0,0,-139.889,805.271,796.768,3.17407,93480,0,0,387450,0,0,0,0,0,0);
INSERT INTO `creature` (`guid`,`id`,`map`,`spawnMask`,`phaseMask`,`modelid`,`equipment_id`,`position_x`,`position_y`,`position_z`,`orientation`,`spawntimesecs`,`spawndist`,`currentwaypoint`,`curhealth`,`curmana`,`DeathState`,`MovementType`,`npcflag`,`unit_flags`,`dynamicflags`) VALUES (6908642,40577,643,3,1,0,0,35.5663,779.101,806.317,2.32821,93480,0,0,387450,0,0,0,0,0,0);
INSERT INTO `creature` (`guid`,`id`,`map`,`spawnMask`,`phaseMask`,`modelid`,`equipment_id`,`position_x`,`position_y`,`position_z`,`orientation`,`spawntimesecs`,`spawndist`,`currentwaypoint`,`curhealth`,`curmana`,`DeathState`,`MovementType`,`npcflag`,`unit_flags`,`dynamicflags`) VALUES (6908634,39616,643,3,1,0,0,12.7583,800.523,806.549,3.14895,93480,0,0,387450,0,0,0,0,0,0);
INSERT INTO `creature` (`guid`,`id`,`map`,`spawnMask`,`phaseMask`,`modelid`,`equipment_id`,`position_x`,`position_y`,`position_z`,`orientation`,`spawntimesecs`,`spawndist`,`currentwaypoint`,`curhealth`,`curmana`,`DeathState`,`MovementType`,`npcflag`,`unit_flags`,`dynamicflags`) VALUES (6908636,39616,643,3,1,0,0,12.7343,803.779,806.553,3.14895,93480,0,0,387450,0,0,0,0,0,0);
INSERT INTO `creature` (`guid`,`id`,`map`,`spawnMask`,`phaseMask`,`modelid`,`equipment_id`,`position_x`,`position_y`,`position_z`,`orientation`,`spawntimesecs`,`spawndist`,`currentwaypoint`,`curhealth`,`curmana`,`DeathState`,`MovementType`,`npcflag`,`unit_flags`,`dynamicflags`) VALUES (6908638,41139,643,3,1,0,0,11.0689,807.514,806.684,3.12931,93480,0,0,387450,0,0,0,0,0,0);
INSERT INTO `creature` (`guid`,`id`,`map`,`spawnMask`,`phaseMask`,`modelid`,`equipment_id`,`position_x`,`position_y`,`position_z`,`orientation`,`spawntimesecs`,`spawndist`,`currentwaypoint`,`curhealth`,`curmana`,`DeathState`,`MovementType`,`npcflag`,`unit_flags`,`dynamicflags`) VALUES (6939799,40634,643,3,1,0,0,11.2877,797.386,806.695,2.76095,93480,0,0,384350,8918,0,0,0,0,0);
INSERT INTO `creature` (`guid`,`id`,`map`,`spawnMask`,`phaseMask`,`modelid`,`equipment_id`,`position_x`,`position_y`,`position_z`,`orientation`,`spawntimesecs`,`spawndist`,`currentwaypoint`,`curhealth`,`curmana`,`DeathState`,`MovementType`,`npcflag`,`unit_flags`,`dynamicflags`) VALUES (6939463,40577,643,3,1,0,0,-279.205,807.739,259.3,3.1414,93480,0,0,1356075,0,0,0,0,0,0);
INSERT INTO `creature` (`guid`,`id`,`map`,`spawnMask`,`phaseMask`,`modelid`,`equipment_id`,`position_x`,`position_y`,`position_z`,`orientation`,`spawntimesecs`,`spawndist`,`currentwaypoint`,`curhealth`,`curmana`,`DeathState`,`MovementType`,`npcflag`,`unit_flags`,`dynamicflags`) VALUES (6908656,41139,643,3,1,0,0,84.6929,810.034,806.317,3.11361,93480,0,0,387450,0,0,0,0,0,0);
INSERT INTO `creature` (`guid`,`id`,`map`,`spawnMask`,`phaseMask`,`modelid`,`equipment_id`,`position_x`,`position_y`,`position_z`,`orientation`,`spawntimesecs`,`spawndist`,`currentwaypoint`,`curhealth`,`curmana`,`DeathState`,`MovementType`,`npcflag`,`unit_flags`,`dynamicflags`) VALUES (6908583,39616,643,3,1,0,0,-411.589,797.321,248.474,3.2694,93480,0,0,387450,0,0,0,0,0,0);
INSERT INTO `creature` (`guid`,`id`,`map`,`spawnMask`,`phaseMask`,`modelid`,`equipment_id`,`position_x`,`position_y`,`position_z`,`orientation`,`spawntimesecs`,`spawndist`,`currentwaypoint`,`curhealth`,`curmana`,`DeathState`,`MovementType`,`npcflag`,`unit_flags`,`dynamicflags`) VALUES (6908585,39616,643,3,1,0,0,-412.956,810.785,248.41,3.23956,93480,0,0,387450,0,0,0,0,0,0);
INSERT INTO `creature` (`guid`,`id`,`map`,`spawnMask`,`phaseMask`,`modelid`,`equipment_id`,`position_x`,`position_y`,`position_z`,`orientation`,`spawntimesecs`,`spawndist`,`currentwaypoint`,`curhealth`,`curmana`,`DeathState`,`MovementType`,`npcflag`,`unit_flags`,`dynamicflags`) VALUES (6939593,41139,643,3,1,0,0,-406.797,802.666,248.295,3.21214,93480,0,0,386210,8918,0,0,0,0,0);
INSERT INTO `creature` (`guid`,`id`,`map`,`spawnMask`,`phaseMask`,`modelid`,`equipment_id`,`position_x`,`position_y`,`position_z`,`orientation`,`spawntimesecs`,`spawndist`,`currentwaypoint`,`curhealth`,`curmana`,`DeathState`,`MovementType`,`npcflag`,`unit_flags`,`dynamicflags`) VALUES (6908650,39616,643,3,1,0,0,83.6841,796.409,806.317,3.05471,93480,0,0,387450,0,0,0,0,0,0);
INSERT INTO `creature` (`guid`,`id`,`map`,`spawnMask`,`phaseMask`,`modelid`,`equipment_id`,`position_x`,`position_y`,`position_z`,`orientation`,`spawntimesecs`,`spawndist`,`currentwaypoint`,`curhealth`,`curmana`,`DeathState`,`MovementType`,`npcflag`,`unit_flags`,`dynamicflags`) VALUES (6908612,39616,643,3,1,0,0,-102.163,804.813,796.8,3.15051,93480,0,0,387450,0,0,0,0,0,0);
INSERT INTO `creature` (`guid`,`id`,`map`,`spawnMask`,`phaseMask`,`modelid`,`equipment_id`,`position_x`,`position_y`,`position_z`,`orientation`,`spawntimesecs`,`spawndist`,`currentwaypoint`,`curhealth`,`curmana`,`DeathState`,`MovementType`,`npcflag`,`unit_flags`,`dynamicflags`) VALUES (6908616,41139,643,3,1,0,0,-67.1677,799.403,796.798,3.13402,93480,0,0,387450,0,0,0,0,0,0);
INSERT INTO `creature` (`guid`,`id`,`map`,`spawnMask`,`phaseMask`,`modelid`,`equipment_id`,`position_x`,`position_y`,`position_z`,`orientation`,`spawntimesecs`,`spawndist`,`currentwaypoint`,`curhealth`,`curmana`,`DeathState`,`MovementType`,`npcflag`,`unit_flags`,`dynamicflags`) VALUES (6908620,39960,643,3,1,0,0,-29.1563,802.781,803.33,3.12617,93480,0,0,387450,0,0,0,0,0,0);
INSERT INTO `creature` (`guid`,`id`,`map`,`spawnMask`,`phaseMask`,`modelid`,`equipment_id`,`position_x`,`position_y`,`position_z`,`orientation`,`spawntimesecs`,`spawndist`,`currentwaypoint`,`curhealth`,`curmana`,`DeathState`,`MovementType`,`npcflag`,`unit_flags`,`dynamicflags`) VALUES (6908622,39960,643,3,1,0,0,-29.1852,800.905,803.441,3.12617,93480,0,0,387450,0,0,0,0,0,0);
INSERT INTO `creature` (`guid`,`id`,`map`,`spawnMask`,`phaseMask`,`modelid`,`equipment_id`,`position_x`,`position_y`,`position_z`,`orientation`,`spawntimesecs`,`spawndist`,`currentwaypoint`,`curhealth`,`curmana`,`DeathState`,`MovementType`,`npcflag`,`unit_flags`,`dynamicflags`) VALUES (6908624,39960,643,3,1,0,0,-29.2157,798.931,803.608,3.12617,93480,0,0,387450,0,0,0,0,0,0);
INSERT INTO `creature` (`guid`,`id`,`map`,`spawnMask`,`phaseMask`,`modelid`,`equipment_id`,`position_x`,`position_y`,`position_z`,`orientation`,`spawntimesecs`,`spawndist`,`currentwaypoint`,`curhealth`,`curmana`,`DeathState`,`MovementType`,`npcflag`,`unit_flags`,`dynamicflags`) VALUES (6908628,39960,643,3,1,0,0,-33.0385,804.579,801.403,3.14109,93480,0,0,387450,0,0,0,0,0,0);
INSERT INTO `creature` (`guid`,`id`,`map`,`spawnMask`,`phaseMask`,`modelid`,`equipment_id`,`position_x`,`position_y`,`position_z`,`orientation`,`spawntimesecs`,`spawndist`,`currentwaypoint`,`curhealth`,`curmana`,`DeathState`,`MovementType`,`npcflag`,`unit_flags`,`dynamicflags`) VALUES (6939785,39960,643,3,1,0,0,-32.917,802.339,801.442,3.16936,93480,0,0,25572,0,0,0,0,0,0);
INSERT INTO `creature` (`guid`,`id`,`map`,`spawnMask`,`phaseMask`,`modelid`,`equipment_id`,`position_x`,`position_y`,`position_z`,`orientation`,`spawntimesecs`,`spawndist`,`currentwaypoint`,`curhealth`,`curmana`,`DeathState`,`MovementType`,`npcflag`,`unit_flags`,`dynamicflags`) VALUES (6939743,40923,643,3,1,0,0,-307.791,897.759,244.459,6.13272,300,0,0,9299,0,0,0,0,0,0);
INSERT INTO `creature` (`guid`,`id`,`map`,`spawnMask`,`phaseMask`,`modelid`,`equipment_id`,`position_x`,`position_y`,`position_z`,`orientation`,`spawntimesecs`,`spawndist`,`currentwaypoint`,`curhealth`,`curmana`,`DeathState`,`MovementType`,`npcflag`,`unit_flags`,`dynamicflags`) VALUES (6553158,40925,643,3,1,0,0,-311.675,938.133,236.211,5.86263,93480,0,0,336,0,0,0,0,0,0);
INSERT INTO `creature` (`guid`,`id`,`map`,`spawnMask`,`phaseMask`,`modelid`,`equipment_id`,`position_x`,`position_y`,`position_z`,`orientation`,`spawntimesecs`,`spawndist`,`currentwaypoint`,`curhealth`,`curmana`,`DeathState`,`MovementType`,`npcflag`,`unit_flags`,`dynamicflags`) VALUES (6908726,40925,643,3,1,0,0,-284.07,968.423,236.157,3.97769,93480,0,0,387450,0,0,0,0,0,0);
INSERT INTO `creature` (`guid`,`id`,`map`,`spawnMask`,`phaseMask`,`modelid`,`equipment_id`,`position_x`,`position_y`,`position_z`,`orientation`,`spawntimesecs`,`spawndist`,`currentwaypoint`,`curhealth`,`curmana`,`DeathState`,`MovementType`,`npcflag`,`unit_flags`,`dynamicflags`) VALUES (6908718,40925,643,3,1,0,0,-221.537,978.572,230.985,3.18444,93480,0,0,387450,0,0,0,0,0,0);
INSERT INTO `creature` (`guid`,`id`,`map`,`spawnMask`,`phaseMask`,`modelid`,`equipment_id`,`position_x`,`position_y`,`position_z`,`orientation`,`spawntimesecs`,`spawndist`,`currentwaypoint`,`curhealth`,`curmana`,`DeathState`,`MovementType`,`npcflag`,`unit_flags`,`dynamicflags`) VALUES (6908710,40923,643,3,1,0,0,-315.034,905.041,242.037,5.31112,93480,0,0,387450,0,0,0,0,0,0);
INSERT INTO `creature` (`guid`,`id`,`map`,`spawnMask`,`phaseMask`,`modelid`,`equipment_id`,`position_x`,`position_y`,`position_z`,`orientation`,`spawntimesecs`,`spawndist`,`currentwaypoint`,`curhealth`,`curmana`,`DeathState`,`MovementType`,`npcflag`,`unit_flags`,`dynamicflags`) VALUES (6553163,40923,643,3,1,0,0,-317.088,927.254,238.29,0.96958,93480,0,0,4,0,0,0,0,0,0);
INSERT INTO `creature` (`guid`,`id`,`map`,`spawnMask`,`phaseMask`,`modelid`,`equipment_id`,`position_x`,`position_y`,`position_z`,`orientation`,`spawntimesecs`,`spawndist`,`currentwaypoint`,`curhealth`,`curmana`,`DeathState`,`MovementType`,`npcflag`,`unit_flags`,`dynamicflags`) VALUES (6553164,40923,643,3,1,0,0,-290.005,950.424,237.942,0.682909,93480,0,0,4,0,0,0,0,0,0);
INSERT INTO `creature` (`guid`,`id`,`map`,`spawnMask`,`phaseMask`,`modelid`,`equipment_id`,`position_x`,`position_y`,`position_z`,`orientation`,`spawntimesecs`,`spawndist`,`currentwaypoint`,`curhealth`,`curmana`,`DeathState`,`MovementType`,`npcflag`,`unit_flags`,`dynamicflags`) VALUES (6553165,40923,643,3,1,0,0,-279.235,981.604,236.797,0.836062,93480,0,0,4,0,0,0,0,0,0);
INSERT INTO `creature` (`guid`,`id`,`map`,`spawnMask`,`phaseMask`,`modelid`,`equipment_id`,`position_x`,`position_y`,`position_z`,`orientation`,`spawntimesecs`,`spawndist`,`currentwaypoint`,`curhealth`,`curmana`,`DeathState`,`MovementType`,`npcflag`,`unit_flags`,`dynamicflags`) VALUES (6553166,40923,643,3,1,0,0,-249.31,974.315,234.844,0.00746441,93480,0,0,4,0,0,0,0,0,0);
INSERT INTO `creature` (`guid`,`id`,`map`,`spawnMask`,`phaseMask`,`modelid`,`equipment_id`,`position_x`,`position_y`,`position_z`,`orientation`,`spawntimesecs`,`spawndist`,`currentwaypoint`,`curhealth`,`curmana`,`DeathState`,`MovementType`,`npcflag`,`unit_flags`,`dynamicflags`) VALUES (6908716,40925,643,3,1,0,0,-221.469,984.522,230.97,3.21585,93480,0,0,387450,0,0,0,0,0,0);
INSERT INTO `creature` (`guid`,`id`,`map`,`spawnMask`,`phaseMask`,`modelid`,`equipment_id`,`position_x`,`position_y`,`position_z`,`orientation`,`spawntimesecs`,`spawndist`,`currentwaypoint`,`curhealth`,`curmana`,`DeathState`,`MovementType`,`npcflag`,`unit_flags`,`dynamicflags`) VALUES (6553168,40923,643,3,1,0,0,-258.407,982.786,236.277,3.09015,93480,0,0,4,0,0,0,0,0,0);
INSERT INTO `creature` (`guid`,`id`,`map`,`spawnMask`,`phaseMask`,`modelid`,`equipment_id`,`position_x`,`position_y`,`position_z`,`orientation`,`spawntimesecs`,`spawndist`,`currentwaypoint`,`curhealth`,`curmana`,`DeathState`,`MovementType`,`npcflag`,`unit_flags`,`dynamicflags`) VALUES (6908692,39960,643,3,1,0,0,52.6403,843.214,806.319,4.70257,93480,0,0,387450,0,0,0,0,0,0);
INSERT INTO `creature` (`guid`,`id`,`map`,`spawnMask`,`phaseMask`,`modelid`,`equipment_id`,`position_x`,`position_y`,`position_z`,`orientation`,`spawntimesecs`,`spawndist`,`currentwaypoint`,`curhealth`,`curmana`,`DeathState`,`MovementType`,`npcflag`,`unit_flags`,`dynamicflags`) VALUES (6908694,39960,643,3,1,0,0,51.0037,843.282,806.319,4.67116,93480,0,0,387450,0,0,0,0,0,0);
INSERT INTO `creature` (`guid`,`id`,`map`,`spawnMask`,`phaseMask`,`modelid`,`equipment_id`,`position_x`,`position_y`,`position_z`,`orientation`,`spawntimesecs`,`spawndist`,`currentwaypoint`,`curhealth`,`curmana`,`DeathState`,`MovementType`,`npcflag`,`unit_flags`,`dynamicflags`) VALUES (6908696,39960,643,3,1,0,0,49.486,843.344,806.319,4.67116,93480,0,0,387450,0,0,0,0,0,0);
INSERT INTO `creature` (`guid`,`id`,`map`,`spawnMask`,`phaseMask`,`modelid`,`equipment_id`,`position_x`,`position_y`,`position_z`,`orientation`,`spawntimesecs`,`spawndist`,`currentwaypoint`,`curhealth`,`curmana`,`DeathState`,`MovementType`,`npcflag`,`unit_flags`,`dynamicflags`) VALUES (6908684,39960,643,3,1,0,0,50.6574,842.101,806.318,4.70492,93480,0,0,387450,0,0,0,0,0,0);
INSERT INTO `creature` (`guid`,`id`,`map`,`spawnMask`,`phaseMask`,`modelid`,`equipment_id`,`position_x`,`position_y`,`position_z`,`orientation`,`spawntimesecs`,`spawndist`,`currentwaypoint`,`curhealth`,`curmana`,`DeathState`,`MovementType`,`npcflag`,`unit_flags`,`dynamicflags`) VALUES (6908686,39960,643,3,1,0,0,49.2575,842.111,806.318,4.76147,93480,0,0,387450,0,0,0,0,0,0);
INSERT INTO `creature` (`guid`,`id`,`map`,`spawnMask`,`phaseMask`,`modelid`,`equipment_id`,`position_x`,`position_y`,`position_z`,`orientation`,`spawntimesecs`,`spawndist`,`currentwaypoint`,`curhealth`,`curmana`,`DeathState`,`MovementType`,`npcflag`,`unit_flags`,`dynamicflags`) VALUES (6908688,39960,643,3,1,0,0,47.7473,842.037,806.313,4.76147,93480,0,0,387450,0,0,0,0,0,0);
INSERT INTO `creature` (`guid`,`id`,`map`,`spawnMask`,`phaseMask`,`modelid`,`equipment_id`,`position_x`,`position_y`,`position_z`,`orientation`,`spawntimesecs`,`spawndist`,`currentwaypoint`,`curhealth`,`curmana`,`DeathState`,`MovementType`,`npcflag`,`unit_flags`,`dynamicflags`) VALUES (6553178,40825,643,3,1,0,0,-132.353,635.05,286.806,3.19117,93480,0,0,1680,0,0,0,0,0,0);
INSERT INTO `creature` (`guid`,`id`,`map`,`spawnMask`,`phaseMask`,`modelid`,`equipment_id`,`position_x`,`position_y`,`position_z`,`orientation`,`spawntimesecs`,`spawndist`,`currentwaypoint`,`curhealth`,`curmana`,`DeathState`,`MovementType`,`npcflag`,`unit_flags`,`dynamicflags`) VALUES (6553179,49079,643,3,1,0,0,192.498,802.487,808.638,3.13635,93480,0,0,1680,0,0,0,0,0,0);
INSERT INTO `creature` (`guid`,`id`,`map`,`spawnMask`,`phaseMask`,`modelid`,`equipment_id`,`position_x`,`position_y`,`position_z`,`orientation`,`spawntimesecs`,`spawndist`,`currentwaypoint`,`curhealth`,`curmana`,`DeathState`,`MovementType`,`npcflag`,`unit_flags`,`dynamicflags`) VALUES (6908680,39960,643,3,1,0,0,53.2263,842.082,806.318,4.76383,93480,0,0,387450,0,0,0,0,0,0);
INSERT INTO `creature` (`guid`,`id`,`map`,`spawnMask`,`phaseMask`,`modelid`,`equipment_id`,`position_x`,`position_y`,`position_z`,`orientation`,`spawntimesecs`,`spawndist`,`currentwaypoint`,`curhealth`,`curmana`,`DeathState`,`MovementType`,`npcflag`,`unit_flags`,`dynamicflags`) VALUES (6908682,39960,643,3,1,0,0,51.9454,842.091,806.318,4.70492,93480,0,0,387450,0,0,0,0,0,0);
INSERT INTO `creature` (`guid`,`id`,`map`,`spawnMask`,`phaseMask`,`modelid`,`equipment_id`,`position_x`,`position_y`,`position_z`,`orientation`,`spawntimesecs`,`spawndist`,`currentwaypoint`,`curhealth`,`curmana`,`DeathState`,`MovementType`,`npcflag`,`unit_flags`,`dynamicflags`) VALUES (6908698,39960,643,3,1,0,0,48.0872,843.402,806.306,4.67116,93480,0,0,387450,0,0,0,0,0,0);
INSERT INTO `creature` (`guid`,`id`,`map`,`spawnMask`,`phaseMask`,`modelid`,`equipment_id`,`position_x`,`position_y`,`position_z`,`orientation`,`spawntimesecs`,`spawndist`,`currentwaypoint`,`curhealth`,`curmana`,`DeathState`,`MovementType`,`npcflag`,`unit_flags`,`dynamicflags`) VALUES (6908700,39960,643,3,1,0,0,52.4821,841.248,806.318,4.71043,93480,0,0,387450,0,0,0,0,0,0);
INSERT INTO `creature` (`guid`,`id`,`map`,`spawnMask`,`phaseMask`,`modelid`,`equipment_id`,`position_x`,`position_y`,`position_z`,`orientation`,`spawntimesecs`,`spawndist`,`currentwaypoint`,`curhealth`,`curmana`,`DeathState`,`MovementType`,`npcflag`,`unit_flags`,`dynamicflags`) VALUES (6908702,39960,643,3,1,0,0,51.0818,841.263,806.318,4.76383,93480,0,0,387450,0,0,0,0,0,0);
INSERT INTO `creature` (`guid`,`id`,`map`,`spawnMask`,`phaseMask`,`modelid`,`equipment_id`,`position_x`,`position_y`,`position_z`,`orientation`,`spawntimesecs`,`spawndist`,`currentwaypoint`,`curhealth`,`curmana`,`DeathState`,`MovementType`,`npcflag`,`unit_flags`,`dynamicflags`) VALUES (6908704,39960,643,3,1,0,0,49.803,841.368,806.318,4.71667,93480,0,0,387450,0,0,0,0,0,0);
INSERT INTO `creature` (`guid`,`id`,`map`,`spawnMask`,`phaseMask`,`modelid`,`equipment_id`,`position_x`,`position_y`,`position_z`,`orientation`,`spawntimesecs`,`spawndist`,`currentwaypoint`,`curhealth`,`curmana`,`DeathState`,`MovementType`,`npcflag`,`unit_flags`,`dynamicflags`) VALUES (6908706,39960,643,3,1,0,0,48.4327,841.041,806.318,4.71039,93480,0,0,387450,0,0,0,0,0,0);
INSERT INTO `creature` (`guid`,`id`,`map`,`spawnMask`,`phaseMask`,`modelid`,`equipment_id`,`position_x`,`position_y`,`position_z`,`orientation`,`spawntimesecs`,`spawndist`,`currentwaypoint`,`curhealth`,`curmana`,`DeathState`,`MovementType`,`npcflag`,`unit_flags`,`dynamicflags`) VALUES (6939731,40925,643,3,1,0,0,-312.774,880.196,247.398,4.76377,93480,0,0,774900,0,0,0,0,0,0);
INSERT INTO `creature` (`guid`,`id`,`map`,`spawnMask`,`phaseMask`,`modelid`,`equipment_id`,`position_x`,`position_y`,`position_z`,`orientation`,`spawntimesecs`,`spawndist`,`currentwaypoint`,`curhealth`,`curmana`,`DeathState`,`MovementType`,`npcflag`,`unit_flags`,`dynamicflags`) VALUES (6908720,40923,643,3,1,0,0,-240.816,985.382,233.315,3.21192,93480,0,0,387450,0,0,0,0,0,0);
INSERT INTO `creature` (`guid`,`id`,`map`,`spawnMask`,`phaseMask`,`modelid`,`equipment_id`,`position_x`,`position_y`,`position_z`,`orientation`,`spawntimesecs`,`spawndist`,`currentwaypoint`,`curhealth`,`curmana`,`DeathState`,`MovementType`,`npcflag`,`unit_flags`,`dynamicflags`) VALUES (6908724,40923,643,3,1,0,0,-264.35,972.875,236.544,3.69102,93480,0,0,387450,0,0,0,0,0,0);
INSERT INTO `creature` (`guid`,`id`,`map`,`spawnMask`,`phaseMask`,`modelid`,`equipment_id`,`position_x`,`position_y`,`position_z`,`orientation`,`spawntimesecs`,`spawndist`,`currentwaypoint`,`curhealth`,`curmana`,`DeathState`,`MovementType`,`npcflag`,`unit_flags`,`dynamicflags`) VALUES (6908753,40923,643,3,1,0,0,-300.939,958.658,235.267,4.07429,93480,0,0,387450,0,0,0,0,0,0);
INSERT INTO `creature` (`guid`,`id`,`map`,`spawnMask`,`phaseMask`,`modelid`,`equipment_id`,`position_x`,`position_y`,`position_z`,`orientation`,`spawntimesecs`,`spawndist`,`currentwaypoint`,`curhealth`,`curmana`,`DeathState`,`MovementType`,`npcflag`,`unit_flags`,`dynamicflags`) VALUES (6939629,40935,643,3,1,0,0,-312.826,737.174,274.341,1.64374,93480,0,0,96863,0,0,0,0,0,0);
INSERT INTO `creature` (`guid`,`id`,`map`,`spawnMask`,`phaseMask`,`modelid`,`equipment_id`,`position_x`,`position_y`,`position_z`,`orientation`,`spawntimesecs`,`spawndist`,`currentwaypoint`,`curhealth`,`curmana`,`DeathState`,`MovementType`,`npcflag`,`unit_flags`,`dynamicflags`) VALUES (6939627,40935,643,3,1,0,0,-307.788,737.148,274.399,1.59187,93480,0,0,96863,0,0,0,0,0,0);
INSERT INTO `creature` (`guid`,`id`,`map`,`spawnMask`,`phaseMask`,`modelid`,`equipment_id`,`position_x`,`position_y`,`position_z`,`orientation`,`spawntimesecs`,`spawndist`,`currentwaypoint`,`curhealth`,`curmana`,`DeathState`,`MovementType`,`npcflag`,`unit_flags`,`dynamicflags`) VALUES (6908788,40943,643,3,1,0,0,-305.194,737.066,274.44,1.58704,93480,0,0,387450,0,0,0,0,0,0);
INSERT INTO `creature` (`guid`,`id`,`map`,`spawnMask`,`phaseMask`,`modelid`,`equipment_id`,`position_x`,`position_y`,`position_z`,`orientation`,`spawntimesecs`,`spawndist`,`currentwaypoint`,`curhealth`,`curmana`,`DeathState`,`MovementType`,`npcflag`,`unit_flags`,`dynamicflags`) VALUES (6939631,40935,643,3,1,0,0,-304.291,688.409,279.136,3.28522,93480,0,0,96863,0,0,0,0,0,0);
INSERT INTO `creature` (`guid`,`id`,`map`,`spawnMask`,`phaseMask`,`modelid`,`equipment_id`,`position_x`,`position_y`,`position_z`,`orientation`,`spawntimesecs`,`spawndist`,`currentwaypoint`,`curhealth`,`curmana`,`DeathState`,`MovementType`,`npcflag`,`unit_flags`,`dynamicflags`) VALUES (6908796,40943,643,3,1,0,0,-312.188,686.945,278.943,0.798501,93480,0,0,387450,0,0,0,0,0,0);
INSERT INTO `creature` (`guid`,`id`,`map`,`spawnMask`,`phaseMask`,`modelid`,`equipment_id`,`position_x`,`position_y`,`position_z`,`orientation`,`spawntimesecs`,`spawndist`,`currentwaypoint`,`curhealth`,`curmana`,`DeathState`,`MovementType`,`npcflag`,`unit_flags`,`dynamicflags`) VALUES (6908798,40943,643,3,1,0,0,-309.012,691.626,278.654,4.71764,93480,0,0,387450,0,0,0,0,0,0);
INSERT INTO `creature` (`guid`,`id`,`map`,`spawnMask`,`phaseMask`,`modelid`,`equipment_id`,`position_x`,`position_y`,`position_z`,`orientation`,`spawntimesecs`,`spawndist`,`currentwaypoint`,`curhealth`,`curmana`,`DeathState`,`MovementType`,`npcflag`,`unit_flags`,`dynamicflags`) VALUES (6908800,40943,643,3,1,0,0,-283.096,649.89,283.436,1.45431,93480,0,0,387450,0,0,0,0,0,0);
INSERT INTO `creature` (`guid`,`id`,`map`,`spawnMask`,`phaseMask`,`modelid`,`equipment_id`,`position_x`,`position_y`,`position_z`,`orientation`,`spawntimesecs`,`spawndist`,`currentwaypoint`,`curhealth`,`curmana`,`DeathState`,`MovementType`,`npcflag`,`unit_flags`,`dynamicflags`) VALUES (6939683,40935,643,3,1,0,0,-283.613,656.818,282.805,5.36624,93480,0,0,96863,0,0,0,0,0,0);
INSERT INTO `creature` (`guid`,`id`,`map`,`spawnMask`,`phaseMask`,`modelid`,`equipment_id`,`position_x`,`position_y`,`position_z`,`orientation`,`spawntimesecs`,`spawndist`,`currentwaypoint`,`curhealth`,`curmana`,`DeathState`,`MovementType`,`npcflag`,`unit_flags`,`dynamicflags`) VALUES (6908804,40943,643,3,1,0,0,-276.289,654.723,283.543,3.37618,93480,0,0,387450,0,0,0,0,0,0);
INSERT INTO `creature` (`guid`,`id`,`map`,`spawnMask`,`phaseMask`,`modelid`,`equipment_id`,`position_x`,`position_y`,`position_z`,`orientation`,`spawntimesecs`,`spawndist`,`currentwaypoint`,`curhealth`,`curmana`,`DeathState`,`MovementType`,`npcflag`,`unit_flags`,`dynamicflags`) VALUES (6939687,40935,643,3,1,0,0,-276.315,648.868,283.963,2.27963,93480,0,0,96863,0,0,0,0,0,0);
INSERT INTO `creature` (`guid`,`id`,`map`,`spawnMask`,`phaseMask`,`modelid`,`equipment_id`,`position_x`,`position_y`,`position_z`,`orientation`,`spawntimesecs`,`spawndist`,`currentwaypoint`,`curhealth`,`curmana`,`DeathState`,`MovementType`,`npcflag`,`unit_flags`,`dynamicflags`) VALUES (6939652,40943,643,3,1,0,0,-310.547,737.041,274.372,1.54792,93480,0,0,96088,8918,0,0,0,0,0);

